-- phpMyAdmin SQL Dump
-- version 5.2.0
-- https://www.phpmyadmin.net/
--
-- Host: 127.0.0.1:3306
-- Generation Time: Feb 08, 2025 at 02:35 PM
-- Server version: 8.0.31
-- PHP Version: 8.2.0

SET SQL_MODE = "NO_AUTO_VALUE_ON_ZERO";
START TRANSACTION;
SET time_zone = "+00:00";


/*!40101 SET @OLD_CHARACTER_SET_CLIENT=@@CHARACTER_SET_CLIENT */;
/*!40101 SET @OLD_CHARACTER_SET_RESULTS=@@CHARACTER_SET_RESULTS */;
/*!40101 SET @OLD_COLLATION_CONNECTION=@@COLLATION_CONNECTION */;
/*!40101 SET NAMES utf8mb4 */;

--
-- Database: `gsa_db`
--

-- --------------------------------------------------------

--
-- Table structure for table `analyses`
--

DROP TABLE IF EXISTS `analyses`;
CREATE TABLE IF NOT EXISTS `analyses` (
  `id` int NOT NULL AUTO_INCREMENT,
  `analyse_name` varchar(255) DEFAULT NULL,
  `analyse_price` varchar(255) NOT NULL,
  PRIMARY KEY (`id`)
) ENGINE=MyISAM AUTO_INCREMENT=3 DEFAULT CHARSET=utf8mb4 COLLATE=utf8mb4_0900_ai_ci;

--
-- Dumping data for table `analyses`
--

INSERT INTO `analyses` (`id`, `analyse_name`, `analyse_price`) VALUES
(2, 'GROUPAGE', '50'),
(1, 'NFS', '70');

-- --------------------------------------------------------

--
-- Table structure for table `ci_sessions`
--

DROP TABLE IF EXISTS `ci_sessions`;
CREATE TABLE IF NOT EXISTS `ci_sessions` (
  `session_id` varchar(40) NOT NULL DEFAULT '0',
  `ip_address` varchar(45) NOT NULL DEFAULT '0',
  `user_agent` varchar(120) NOT NULL,
  `last_activity` int UNSIGNED NOT NULL DEFAULT '0',
  `user_data` text NOT NULL,
  PRIMARY KEY (`session_id`),
  KEY `last_activity_idx` (`last_activity`)
) ENGINE=InnoDB DEFAULT CHARSET=utf8mb3;

-- --------------------------------------------------------

--
-- Table structure for table `dossiers`
--

DROP TABLE IF EXISTS `dossiers`;
CREATE TABLE IF NOT EXISTS `dossiers` (
  `id` int NOT NULL AUTO_INCREMENT,
  `analyse_id` int DEFAULT NULL,
  `patient_id` int DEFAULT NULL,
  `date_update` datetime DEFAULT (now()),
  PRIMARY KEY (`id`)
) ENGINE=MyISAM AUTO_INCREMENT=31 DEFAULT CHARSET=utf8mb4 COLLATE=utf8mb4_0900_ai_ci;

--
-- Dumping data for table `dossiers`
--

INSERT INTO `dossiers` (`id`, `analyse_id`, `patient_id`, `date_update`) VALUES
(26, 1, 5, '2025-02-08 14:25:13'),
(25, 2, 5, '2025-02-08 14:25:13');

-- --------------------------------------------------------

--
-- Table structure for table `patients`
--

DROP TABLE IF EXISTS `patients`;
CREATE TABLE IF NOT EXISTS `patients` (
  `id` int NOT NULL AUTO_INCREMENT,
  `first_name` varchar(255) DEFAULT NULL,
  `last_name` varchar(255) NOT NULL,
  `age` int NOT NULL,
  `phone` varchar(50) DEFAULT NULL,
  `description` varchar(255) NOT NULL,
  PRIMARY KEY (`id`)
) ENGINE=MyISAM AUTO_INCREMENT=7 DEFAULT CHARSET=utf8mb4 COLLATE=utf8mb4_0900_ai_ci;

--
-- Dumping data for table `patients`
--

INSERT INTO `patients` (`id`, `first_name`, `last_name`, `age`, `phone`, `description`) VALUES
(5, 'Nabil', 'Madane', 28, '91420209080', 'test1');

-- --------------------------------------------------------

--
-- Table structure for table `tbl_access_matrix`
--

DROP TABLE IF EXISTS `tbl_access_matrix`;
CREATE TABLE IF NOT EXISTS `tbl_access_matrix` (
  `id` int NOT NULL AUTO_INCREMENT,
  `access` text,
  `roleId` int NOT NULL,
  `isDeleted` tinyint NOT NULL DEFAULT '0',
  `createdBy` int NOT NULL,
  `createdDtm` datetime NOT NULL,
  `updatedBy` int DEFAULT NULL,
  `updatedDtm` datetime DEFAULT NULL,
  PRIMARY KEY (`id`)
) ENGINE=InnoDB AUTO_INCREMENT=3 DEFAULT CHARSET=utf8mb3;

--
-- Dumping data for table `tbl_access_matrix`
--

INSERT INTO `tbl_access_matrix` (`id`, `access`, `roleId`, `isDeleted`, `createdBy`, `createdDtm`, `updatedBy`, `updatedDtm`) VALUES
(1, '[{\"module\":\"Task\",\"total_access\":0,\"list\":1,\"create_records\":0,\"edit_records\":0,\"delete_records\":0},{\"module\":\"Booking\",\"total_access\":0,\"list\":1,\"create_records\":0,\"edit_records\":0,\"delete_records\":0}]', 12, 0, 1, '2022-06-17 21:01:02', 1, '2022-06-18 20:50:58'),
(2, '[{\"module\":\"Task\",\"total_access\":0,\"list\":0,\"create_records\":0,\"edit_records\":0,\"delete_records\":0},{\"module\":\"Booking\",\"total_access\":0,\"list\":0,\"create_records\":0,\"edit_records\":0,\"delete_records\":0}]', 1, 0, 1, '2024-12-21 22:39:53', NULL, NULL);

-- --------------------------------------------------------

--
-- Table structure for table `tbl_booking`
--

DROP TABLE IF EXISTS `tbl_booking`;
CREATE TABLE IF NOT EXISTS `tbl_booking` (
  `bookingId` int NOT NULL AUTO_INCREMENT,
  `roomName` varchar(256) NOT NULL,
  `description` varchar(1024) DEFAULT NULL,
  `isDeleted` tinyint NOT NULL DEFAULT '0',
  `createdBy` int NOT NULL,
  `createdDtm` datetime NOT NULL,
  `updatedBy` int DEFAULT NULL,
  `updatedDtm` datetime DEFAULT NULL,
  PRIMARY KEY (`bookingId`)
) ENGINE=InnoDB AUTO_INCREMENT=5 DEFAULT CHARSET=utf8mb3;

--
-- Dumping data for table `tbl_booking`
--

INSERT INTO `tbl_booking` (`bookingId`, `roomName`, `description`, `isDeleted`, `createdBy`, `createdDtm`, `updatedBy`, `updatedDtm`) VALUES
(1, 'Hall', 'This is description edit', 0, 1, '2022-06-17 21:52:00', 1, '2022-06-17 21:58:05'),
(2, 'Meeting room 2', 'Meeting room 2 booked for German client', 0, 1, '2022-06-17 21:58:44', NULL, NULL),
(3, 'Meeting room 2', 'Hold for developer and QA discussion', 0, 14, '2022-06-17 22:21:26', 14, '2022-06-17 22:21:55'),
(4, 'Meeting room 3', 'Meeting with BA & QA', 0, 1, '2022-06-18 20:22:38', 1, '2022-06-18 20:22:49');

-- --------------------------------------------------------

--
-- Table structure for table `tbl_last_login`
--

DROP TABLE IF EXISTS `tbl_last_login`;
CREATE TABLE IF NOT EXISTS `tbl_last_login` (
  `id` bigint NOT NULL AUTO_INCREMENT,
  `userId` bigint NOT NULL,
  `sessionData` varchar(2048) NOT NULL,
  `machineIp` varchar(1024) NOT NULL,
  `userAgent` varchar(128) NOT NULL,
  `agentString` varchar(1024) NOT NULL,
  `platform` varchar(128) NOT NULL,
  `createdDtm` datetime NOT NULL DEFAULT CURRENT_TIMESTAMP,
  PRIMARY KEY (`id`)
) ENGINE=InnoDB AUTO_INCREMENT=31 DEFAULT CHARSET=utf8mb3;

--
-- Dumping data for table `tbl_last_login`
--

INSERT INTO `tbl_last_login` (`id`, `userId`, `sessionData`, `machineIp`, `userAgent`, `agentString`, `platform`, `createdDtm`) VALUES
(1, 1, '{\"role\":\"1\",\"roleText\":\"System Administrator\",\"name\":\"System Administrator\",\"isAdmin\":\"1\"}', '::1', 'Chrome 99.0.4844.84', 'Mozilla/5.0 (Windows NT 6.1) AppleWebKit/537.36 (KHTML, like Gecko) Chrome/99.0.4844.84 Safari/537.36', 'Windows 7', '2022-04-04 22:19:07'),
(2, 1, '{\"role\":\"1\",\"roleText\":\"System Administrator\",\"name\":\"System Administrator\",\"isAdmin\":\"1\"}', '::1', 'Chrome 102.0.0.0', 'Mozilla/5.0 (Windows NT 6.1) AppleWebKit/537.36 (KHTML, like Gecko) Chrome/102.0.0.0 Safari/537.36', 'Windows 7', '2022-06-17 01:33:45'),
(3, 14, '{\"role\":\"11\",\"roleText\":\"Project Manager L6\",\"name\":\"Pml6\",\"isAdmin\":\"2\"}', '::1', 'Chrome 102.0.0.0', 'Mozilla/5.0 (Windows NT 6.1) AppleWebKit/537.36 (KHTML, like Gecko) Chrome/102.0.0.0 Safari/537.36', 'Windows 7', '2022-06-17 01:35:50'),
(4, 14, '{\"role\":\"11\",\"roleText\":\"Project Manager L6\",\"name\":\"Pml6\",\"isAdmin\":\"2\"}', '::1', 'Chrome 102.0.0.0', 'Mozilla/5.0 (Windows NT 6.1) AppleWebKit/537.36 (KHTML, like Gecko) Chrome/102.0.0.0 Safari/537.36', 'Windows 7', '2022-06-17 01:36:25'),
(5, 14, '{\"role\":\"11\",\"roleText\":\"Project Manager L6\",\"name\":\"Pml6\",\"isAdmin\":\"2\"}', '::1', 'Chrome 102.0.0.0', 'Mozilla/5.0 (Windows NT 6.1) AppleWebKit/537.36 (KHTML, like Gecko) Chrome/102.0.0.0 Safari/537.36', 'Windows 7', '2022-06-17 02:06:57'),
(6, 14, '{\"role\":\"11\",\"roleText\":\"Project Manager L6\",\"name\":\"Pml6\",\"isAdmin\":\"2\"}', '::1', 'Chrome 102.0.0.0', 'Mozilla/5.0 (Windows NT 6.1) AppleWebKit/537.36 (KHTML, like Gecko) Chrome/102.0.0.0 Safari/537.36', 'Windows 7', '2022-06-17 02:08:21'),
(7, 14, '{\"role\":\"11\",\"roleText\":\"Project Manager L6\",\"name\":\"Pml6\",\"isAdmin\":\"2\"}', '::1', 'Chrome 102.0.0.0', 'Mozilla/5.0 (Windows NT 6.1) AppleWebKit/537.36 (KHTML, like Gecko) Chrome/102.0.0.0 Safari/537.36', 'Windows 7', '2022-06-17 02:16:40'),
(8, 14, '{\"role\":\"11\",\"roleText\":\"Project Manager L6\",\"name\":\"Pml6\",\"isAdmin\":\"2\"}', '::1', 'Chrome 102.0.0.0', 'Mozilla/5.0 (Windows NT 6.1) AppleWebKit/537.36 (KHTML, like Gecko) Chrome/102.0.0.0 Safari/537.36', 'Windows 7', '2022-06-17 02:17:26'),
(9, 1, '{\"role\":\"1\",\"roleText\":\"System Administrator\",\"name\":\"System Administrator\",\"isAdmin\":\"1\"}', '::1', 'Chrome 102.0.0.0', 'Mozilla/5.0 (Windows NT 6.1) AppleWebKit/537.36 (KHTML, like Gecko) Chrome/102.0.0.0 Safari/537.36', 'Windows 7', '2022-06-17 02:30:21'),
(10, 1, '{\"role\":\"1\",\"roleText\":\"System Administrator\",\"name\":\"System Administrator\",\"isAdmin\":\"1\"}', '::1', 'Chrome 102.0.0.0', 'Mozilla/5.0 (Windows NT 6.1) AppleWebKit/537.36 (KHTML, like Gecko) Chrome/102.0.0.0 Safari/537.36', 'Windows 7', '2022-06-17 02:30:39'),
(11, 1, '{\"role\":\"1\",\"roleText\":\"System Administrator\",\"name\":\"System Administrator\",\"isAdmin\":\"1\"}', '::1', 'Chrome 102.0.0.0', 'Mozilla/5.0 (Windows NT 6.1) AppleWebKit/537.36 (KHTML, like Gecko) Chrome/102.0.0.0 Safari/537.36', 'Windows 7', '2022-06-17 23:49:29'),
(12, 14, '{\"role\":\"11\",\"roleText\":\"Project Manager L6\",\"name\":\"Pml6\",\"isAdmin\":\"2\"}', '::1', 'Chrome 102.0.0.0', 'Mozilla/5.0 (Windows NT 6.1) AppleWebKit/537.36 (KHTML, like Gecko) Chrome/102.0.0.0 Safari/537.36', 'Windows 7', '2022-06-18 01:41:39'),
(13, 14, '{\"role\":\"12\",\"roleText\":\"Data Entry Operator\",\"name\":\"Pml6\",\"isAdmin\":\"2\"}', '::1', 'Chrome 102.0.0.0', 'Mozilla/5.0 (Windows NT 6.1) AppleWebKit/537.36 (KHTML, like Gecko) Chrome/102.0.0.0 Safari/537.36', 'Windows 7', '2022-06-18 01:42:38'),
(14, 14, '{\"role\":\"12\",\"roleText\":\"Data Entry Operator\",\"name\":\"Pml6\",\"isAdmin\":\"2\"}', '::1', 'Chrome 102.0.0.0', 'Mozilla/5.0 (Windows NT 6.1) AppleWebKit/537.36 (KHTML, like Gecko) Chrome/102.0.0.0 Safari/537.36', 'Windows 7', '2022-06-18 01:51:18'),
(15, 14, '{\"role\":\"12\",\"roleText\":\"Data Entry Operator\",\"name\":\"Pml6\",\"isAdmin\":\"2\"}', '::1', 'Chrome 102.0.0.0', 'Mozilla/5.0 (Windows NT 6.1) AppleWebKit/537.36 (KHTML, like Gecko) Chrome/102.0.0.0 Safari/537.36', 'Windows 7', '2022-06-18 01:54:04'),
(16, 1, '{\"role\":\"1\",\"roleText\":\"System Administrator\",\"name\":\"System Administrator\",\"isAdmin\":\"1\"}', '::1', 'Chrome 102.0.0.0', 'Mozilla/5.0 (Windows NT 6.1) AppleWebKit/537.36 (KHTML, like Gecko) Chrome/102.0.0.0 Safari/537.36', 'Windows 7', '2022-06-18 02:15:01'),
(17, 1, '{\"role\":\"1\",\"roleText\":\"System Administrator\",\"name\":\"System Administrator\",\"isAdmin\":\"1\"}', '::1', 'Chrome 102.0.0.0', 'Mozilla/5.0 (Windows NT 6.1) AppleWebKit/537.36 (KHTML, like Gecko) Chrome/102.0.0.0 Safari/537.36', 'Windows 7', '2022-06-18 23:52:14'),
(18, 14, '{\"role\":\"12\",\"roleText\":\"Data Entry Operator\",\"name\":\"Pml6\",\"isAdmin\":\"2\"}', '::1', 'Chrome 102.0.0.0', 'Mozilla/5.0 (Windows NT 6.1) AppleWebKit/537.36 (KHTML, like Gecko) Chrome/102.0.0.0 Safari/537.36', 'Windows 7', '2022-06-18 23:53:41'),
(19, 14, '{\"role\":\"12\",\"roleText\":\"Data Entry Operator\",\"name\":\"Pml6\",\"isAdmin\":\"2\"}', '::1', 'Chrome 102.0.0.0', 'Mozilla/5.0 (Windows NT 6.1) AppleWebKit/537.36 (KHTML, like Gecko) Chrome/102.0.0.0 Safari/537.36', 'Windows 7', '2022-06-18 23:55:24'),
(20, 14, '{\"role\":\"12\",\"roleText\":\"Data Entry Operator\",\"name\":\"Pml6\",\"isAdmin\":\"2\"}', '::1', 'Chrome 102.0.0.0', 'Mozilla/5.0 (Windows NT 6.1) AppleWebKit/537.36 (KHTML, like Gecko) Chrome/102.0.0.0 Safari/537.36', 'Windows 7', '2022-06-18 23:57:25'),
(21, 14, '{\"role\":\"12\",\"roleText\":\"Data Entry Operator\",\"name\":\"Pml6\",\"isAdmin\":\"2\"}', '::1', 'Chrome 102.0.0.0', 'Mozilla/5.0 (Windows NT 6.1) AppleWebKit/537.36 (KHTML, like Gecko) Chrome/102.0.0.0 Safari/537.36', 'Windows 7', '2022-06-19 00:21:13'),
(22, 1, '{\"role\":\"1\",\"roleText\":\"System Administrator\",\"name\":\"System Administrator\",\"isAdmin\":\"1\"}', '::1', 'Chrome 131.0.0.0', 'Mozilla/5.0 (Windows NT 10.0; Win64; x64) AppleWebKit/537.36 (KHTML, like Gecko) Chrome/131.0.0.0 Safari/537.36', 'Windows 10', '2024-12-21 23:04:50'),
(23, 1, '{\"role\":\"1\",\"roleText\":\"System Administrator\",\"name\":\"System Administrator\",\"isAdmin\":\"1\"}', '::1', 'Chrome 131.0.0.0', 'Mozilla/5.0 (Windows NT 10.0; Win64; x64) AppleWebKit/537.36 (KHTML, like Gecko) Chrome/131.0.0.0 Safari/537.36', 'Windows 10', '2024-12-21 23:29:06'),
(24, 1, '{\"role\":\"1\",\"roleText\":\"System Administrator\",\"name\":\"System Administrator\",\"isAdmin\":\"1\"}', '::1', 'Chrome 131.0.0.0', 'Mozilla/5.0 (Windows NT 10.0; Win64; x64) AppleWebKit/537.36 (KHTML, like Gecko) Chrome/131.0.0.0 Safari/537.36', 'Windows 10', '2024-12-22 16:43:23'),
(25, 1, '{\"role\":\"1\",\"roleText\":\"System Administrator\",\"name\":\"System Administrator\",\"isAdmin\":\"1\"}', '::1', 'Chrome 131.0.0.0', 'Mozilla/5.0 (Windows NT 10.0; Win64; x64) AppleWebKit/537.36 (KHTML, like Gecko) Chrome/131.0.0.0 Safari/537.36', 'Windows 10', '2024-12-22 16:44:58'),
(26, 1, '{\"role\":\"1\",\"roleText\":\"System Administrator\",\"name\":\"System Administrator\",\"isAdmin\":\"1\"}', '::1', 'Chrome 131.0.0.0', 'Mozilla/5.0 (Windows NT 10.0; Win64; x64) AppleWebKit/537.36 (KHTML, like Gecko) Chrome/131.0.0.0 Safari/537.36', 'Windows 10', '2024-12-22 21:38:19'),
(27, 1, '{\"role\":\"1\",\"roleText\":\"System Administrator\",\"name\":\"System Administrator\",\"isAdmin\":\"1\"}', '::1', 'Chrome 131.0.0.0', 'Mozilla/5.0 (Windows NT 10.0; Win64; x64) AppleWebKit/537.36 (KHTML, like Gecko) Chrome/131.0.0.0 Safari/537.36', 'Windows 10', '2024-12-23 19:10:51'),
(28, 1, '{\"role\":\"1\",\"roleText\":\"System Administrator\",\"name\":\"Rachid\",\"isAdmin\":\"1\"}', '::1', 'Chrome 132.0.0.0', 'Mozilla/5.0 (Windows NT 10.0; Win64; x64) AppleWebKit/537.36 (KHTML, like Gecko) Chrome/132.0.0.0 Safari/537.36', 'Windows 10', '2025-02-05 22:23:42'),
(29, 1, '{\"role\":\"1\",\"roleText\":\"System Administrator\",\"name\":\"Rachid\",\"isAdmin\":\"1\"}', '::1', 'Chrome 132.0.0.0', 'Mozilla/5.0 (Windows NT 10.0; Win64; x64) AppleWebKit/537.36 (KHTML, like Gecko) Chrome/132.0.0.0 Safari/537.36', 'Windows 10', '2025-02-06 22:11:14'),
(30, 1, '{\"role\":\"1\",\"roleText\":\"System Administrator\",\"name\":\"Rachid\",\"isAdmin\":\"1\"}', '::1', 'Chrome 132.0.0.0', 'Mozilla/5.0 (Windows NT 10.0; Win64; x64) AppleWebKit/537.36 (KHTML, like Gecko) Chrome/132.0.0.0 Safari/537.36', 'Windows 10', '2025-02-08 12:31:23');

-- --------------------------------------------------------

--
-- Table structure for table `tbl_reset_password`
--

DROP TABLE IF EXISTS `tbl_reset_password`;
CREATE TABLE IF NOT EXISTS `tbl_reset_password` (
  `id` bigint NOT NULL AUTO_INCREMENT,
  `email` varchar(128) NOT NULL,
  `activation_id` varchar(32) NOT NULL,
  `agent` varchar(512) NOT NULL,
  `client_ip` varchar(32) NOT NULL,
  `isDeleted` tinyint NOT NULL DEFAULT '0',
  `createdBy` bigint NOT NULL DEFAULT '1',
  `createdDtm` datetime NOT NULL,
  `updatedBy` bigint DEFAULT NULL,
  `updatedDtm` datetime DEFAULT NULL,
  PRIMARY KEY (`id`)
) ENGINE=InnoDB DEFAULT CHARSET=latin1;

-- --------------------------------------------------------

--
-- Table structure for table `tbl_roles`
--

DROP TABLE IF EXISTS `tbl_roles`;
CREATE TABLE IF NOT EXISTS `tbl_roles` (
  `roleId` tinyint NOT NULL AUTO_INCREMENT COMMENT 'role id',
  `role` varchar(50) NOT NULL COMMENT 'role text',
  `status` tinyint NOT NULL DEFAULT '1',
  `isDeleted` tinyint NOT NULL DEFAULT '0',
  `createdBy` int NOT NULL,
  `createdDtm` datetime NOT NULL,
  `updatedBy` int DEFAULT NULL,
  `updatedDtm` datetime DEFAULT NULL,
  PRIMARY KEY (`roleId`)
) ENGINE=InnoDB AUTO_INCREMENT=13 DEFAULT CHARSET=utf8mb3;

--
-- Dumping data for table `tbl_roles`
--

INSERT INTO `tbl_roles` (`roleId`, `role`, `status`, `isDeleted`, `createdBy`, `createdDtm`, `updatedBy`, `updatedDtm`) VALUES
(1, 'System Administrator', 1, 0, 0, '2021-01-21 00:00:00', 1, '2022-06-17 20:21:46'),
(2, 'Manager', 1, 0, 0, '2021-01-13 00:00:00', NULL, NULL),
(3, 'Employee', 1, 0, 0, '2021-01-13 00:00:00', 1, '2021-01-22 18:11:16'),
(4, 'Office Boy', 1, 0, 1, '2021-01-22 17:40:24', 1, '2021-01-22 18:33:49'),
(5, 'Receptionist', 2, 0, 1, '2021-01-22 18:12:41', 1, '2021-02-05 17:32:13'),
(6, 'Project Manager', 1, 0, 1, '2021-02-05 18:25:00', NULL, NULL),
(7, 'Project Manager L2', 1, 0, 1, '2021-02-05 18:27:30', 1, '2021-03-26 14:54:08'),
(8, 'Project Manager L3', 1, 0, 1, '2021-02-05 18:29:11', 1, '2021-03-26 14:54:02'),
(9, 'Project Manager L4', 1, 0, 1, '2021-02-05 18:29:43', 1, '2021-03-26 14:53:51'),
(10, 'Project Manager L5', 1, 0, 1, '2021-02-05 18:56:47', 1, '2021-03-20 19:21:06'),
(11, 'Project Manager L6', 1, 0, 1, '2021-02-05 18:57:23', 1, '2022-06-17 20:56:55'),
(12, 'Data Entry Operator', 1, 0, 1, '2022-06-17 20:57:22', 1, '2022-06-18 20:50:52');

-- --------------------------------------------------------

--
-- Table structure for table `tbl_task`
--

DROP TABLE IF EXISTS `tbl_task`;
CREATE TABLE IF NOT EXISTS `tbl_task` (
  `taskId` int NOT NULL AUTO_INCREMENT,
  `taskTitle` varchar(256) NOT NULL,
  `description` varchar(1024) DEFAULT NULL,
  `isDeleted` tinyint NOT NULL DEFAULT '0',
  `createdBy` int NOT NULL,
  `createdDtm` datetime NOT NULL,
  `updatedBy` int DEFAULT NULL,
  `updatedDtm` datetime DEFAULT NULL,
  PRIMARY KEY (`taskId`)
) ENGINE=InnoDB AUTO_INCREMENT=3 DEFAULT CHARSET=utf8mb3;

--
-- Dumping data for table `tbl_task`
--

INSERT INTO `tbl_task` (`taskId`, `taskTitle`, `description`, `isDeleted`, `createdBy`, `createdDtm`, `updatedBy`, `updatedDtm`) VALUES
(1, 'Small Task 1', 'Small task related to addition, substraction', 0, 1, '2022-06-18 20:47:47', 1, '2022-06-18 20:49:40'),
(2, 'Small Task 2', 'Closure task', 0, 1, '2022-06-18 20:49:48', 1, '2022-06-18 20:50:05');

-- --------------------------------------------------------

--
-- Table structure for table `tbl_users`
--

DROP TABLE IF EXISTS `tbl_users`;
CREATE TABLE IF NOT EXISTS `tbl_users` (
  `userId` int NOT NULL AUTO_INCREMENT,
  `email` varchar(128) NOT NULL COMMENT 'login email',
  `password` varchar(128) NOT NULL COMMENT 'hashed login password',
  `name` varchar(128) DEFAULT NULL COMMENT 'full name of user',
  `mobile` varchar(20) DEFAULT NULL,
  `roleId` tinyint NOT NULL,
  `isAdmin` tinyint NOT NULL DEFAULT '2',
  `isDeleted` tinyint NOT NULL DEFAULT '0',
  `createdBy` int NOT NULL,
  `createdDtm` datetime NOT NULL,
  `updatedBy` int DEFAULT NULL,
  `updatedDtm` datetime DEFAULT NULL,
  PRIMARY KEY (`userId`)
) ENGINE=InnoDB AUTO_INCREMENT=15 DEFAULT CHARSET=utf8mb3;

--
-- Dumping data for table `tbl_users`
--

INSERT INTO `tbl_users` (`userId`, `email`, `password`, `name`, `mobile`, `roleId`, `isAdmin`, `isDeleted`, `createdBy`, `createdDtm`, `updatedBy`, `updatedDtm`) VALUES
(1, 'admin@gmail.com', '$2y$10$up2u6o.axjgmrifcH8nnD.aRMRoA/k1QES2OZq4fI5cj5kZVSrHae', 'Rachid', '9890098903', 1, 1, 0, 0, '2015-07-01 18:56:49', 1, '2024-12-22 15:44:38'),
(2, 'manager@example.com', '$2y$10$quODe6vkNma30rcxbAHbYuKYAZQqUaflBgc4YpV9/90ywd.5Koklm', 'Manager', '9890098900', 2, 0, 0, 1, '2016-12-09 17:49:56', 1, '2020-02-01 19:36:12'),
(3, 'employee@example.com', '$2y$10$UYsH1G7MkDg1cutOdgl2Q.ZbXjyX.CSjsdgQKvGzAgl60RXZxpB5u', 'Employee', '9890098900', 3, 0, 1, 1, '2016-12-09 17:50:22', 1, '2019-11-09 18:13:17'),
(9, 'employee2@example.com', '$2y$10$DBnqnZDQMNW3GASPNJQ2RubfqG1WNupMBP4HKwHYRKQNHgA65Nhly', 'Employee2', '9890098900', 3, 0, 1, 1, '2019-03-26 11:40:50', 1, '2019-11-09 18:12:13'),
(10, 'employee@example.com', '$2y$10$DcK/YcVNOP/CxfGbcEDH1OzR8D4KyG1lpe/XgRGfijj158Ru0kKN.', 'Employee', '7410852000', 3, 2, 0, 1, '2020-02-01 19:36:41', 1, '2022-04-01 19:27:27'),
(12, 'email@example.com', '$2y$10$CGJsY/FZMn8L4.JfO.ZojOwbK9RUCQSx4dnqU1NgkO3ffq26i0WDG', 'From', '8520741000', 3, 0, 0, 1, '2021-01-15 13:42:11', 1, '2021-02-05 17:25:44'),
(14, 'pml6@example.com', '$2y$10$VGwjdpcWYGfWe.ED4wlE8.B/0OOdKNaqvvSOaPbkZA.EMsbiyZIkG', 'Pml6', '7410852000', 12, 2, 0, 1, '2022-06-16 22:05:15', 1, '2022-06-18 20:27:04');
COMMIT;

/*!40101 SET CHARACTER_SET_CLIENT=@OLD_CHARACTER_SET_CLIENT */;
/*!40101 SET CHARACTER_SET_RESULTS=@OLD_CHARACTER_SET_RESULTS */;
/*!40101 SET COLLATION_CONNECTION=@OLD_COLLATION_CONNECTION */;
